mijoz_id,yosh,shahar,jins,oylik_daromad,xaridlar_soni,oxirgi_xarid_kun,sotib_oldi
M0001,22,Namangan,ayol,7572192.0,11,263,1
M0002,58,Andijon,erkak,7986597.0,8,30,1
M0003,52,Samarqand,ayol,5819384.0,11,306,1
M0004,40,Toshkent,ayol,7431125.0,8,118,1
M0005,40,Toshkent,ayol,5021696.0,3,3,1
M0006,62,Toshkent,ayol,6025035.0,7,87,1
M0007,22,Toshkent,ayol,2491752.0,6,89,0
M0008,54,Buxoro,ayol,6134584.0,9,6,1
M0009,28,Toshkent,erkak,4748695.0,7,244,0
M0010,22,Samarqand,ayol,2115226.0,8,35,0
M0011,45,Buxoro,ayol,5057845.0,5,309,0
M0012,68,Samarqand,ayol,5696487.0,12,165,1
M0013,56,Toshkent,erkak,8715610.0,7,262,1
M0014,57,Namangan,ayol,7119584.0,9,124,1
M0015,55,Buxoro,erkak,5470602.0,9,49,1
M0016,58,Buxoro,erkak,5987817.0,6,66,1
M0017,44,Toshkent,ayol,5199582.0,4,236,0
M0018,24,Toshkent,ayol,4154755.0,6,261,0
M0019,61,Andijon,ayol,3681631.0,10,98,0
M0020,41,Toshkent,erkak,4758107.0,8,130,0
M0021,44,Toshkent,ayol,3777023.0,5,344,0
M0022,37,Samarqand,ayol,2659432.0,7,311,0
M0023,27,Buxoro,ayol,5530199.0,7,151,1
M0024,66,Andijon,ayol,6484276.0,9,88,1
M0025,58,Toshkent,erkak,2323926.0,5,110,0
M0026,51,Andijon,ayol,5109168.0,7,196,1
M0027,38,Toshkent,erkak,6732262.0,8,207,1
M0028,60,Samarqand,ayol,7506603.0,10,68,1
M0029,46,Buxoro,erkak,7026506.0,10,24,1
M0030,41,Toshkent,erkak,5100044.0,11,181,1
M0031,41,Toshkent,ayol,3508918.0,3,291,0
M0032,29,Samarqand,ayol,2719342.0,5,56,0
M0033,22,Andijon,ayol,5080289.0,7,149,1
M0034,46,Samarqand,ayol,5862704.0,5,59,1
M0035,64,Andijon,ayol,8037196.0,13,89,1
M0036,21,Namangan,erkak,6409963.0,10,223,1
M0037,62,Samarqand,erkak,5421988.0,7,105,1
M0038,61,Namangan,erkak,3390429.0,7,97,0
M0039,32,Toshkent,erkak,4185608.0,4,363,0
M0040,50,Toshkent,erkak,5691016.0,8,63,1
M0041,26,Namangan,ayol,4216250.0,12,69,1
M0042,57,Namangan,ayol,4469791.0,7,339,0
M0043,54,Toshkent,ayol,5875193.0,9,201,1
M0044,36,Samarqand,erkak,3972876.0,7,16,1
M0045,21,Buxoro,ayol,3299481.0,4,155,0
M0046,68,Namangan,ayol,6400615.0,11,206,1
M0047,41,Buxoro,ayol,4306413.0,5,93,0
M0048,64,Samarqand,erkak,6159388.0,8,200,1
M0049,53,Toshkent,erkak,5881767.0,16,237,1
M0050,58,Samarqand,ayol,3489028.0,3,92,0
M0051,57,Buxoro,erkak,4643766.0,10,296,1
M0052,28,Namangan,erkak,7227998.0,10,165,1
M0053,36,Samarqand,erkak,2788257.0,5,351,0
M0054,42,Toshkent,ayol,1250022.0,5,32,0
M0055,43,Toshkent,ayol,1738679.0,7,119,0
M0056,20,Buxoro,erkak,4452398.0,6,263,1
M0057,46,Namangan,erkak,5235651.0,4,326,0
M0058,26,Toshkent,ayol,4368300.0,5,81,0
M0059,56,Toshkent,ayol,7665542.0,11,357,1
M0060,53,Samarqand,ayol,1200000.0,6,71,0
M0061,65,Toshkent,erkak,6462681.0,10,152,1
M0062,56,Namangan,ayol,8290589.0,9,115,1
M0063,37,Toshkent,erkak,2879995.0,4,155,0
M0064,68,Toshkent,ayol,5156348.0,6,329,0
M0065,39,Andijon,erkak,3614795.0,12,267,0
M0066,34,Toshkent,erkak,3210177.0,5,290,0
M0067,65,Toshkent,erkak,5162728.0,12,93,1
M0068,37,Toshkent,erkak,7479474.0,10,345,1
M0069,21,Toshkent,ayol,7737296.0,12,159,1
M0070,42,Toshkent,erkak,4455309.0,4,238,0
M0071,59,Toshkent,erkak,8999108.0,8,254,1
M0072,27,Toshkent,erkak,4674038.0,8,242,0
M0073,42,Toshkent,ayol,8216644.0,8,220,1
M0074,24,Samarqand,ayol,4352062.0,8,175,1
M0075,53,Buxoro,ayol,5625904.0,9,236,1
M0076,42,Toshkent,ayol,5717854.0,5,330,1
M0077,35,Toshkent,ayol,10571937.0,9,142,1
M0078,29,Samarqand,ayol,6202314.0,11,186,1
M0079,47,Namangan,erkak,3936924.0,5,66,0
M0080,52,Namangan,ayol,7104196.0,8,130,1
M0081,66,Toshkent,ayol,5128701.0,8,282,1
M0082,40,Toshkent,ayol,4118450.0,6,234,0
M0083,26,Toshkent,erkak,6215482.0,11,77,1
M0084,61,Toshkent,ayol,5685954.0,10,199,1
M0085,50,Samarqand,erkak,5801437.0,10,296,1
M0086,54,Samarqand,erkak,25000000.0,1,46,0
M0087,23,Toshkent,ayol,5095850.0,5,23,0
M0088,34,Toshkent,erkak,5584939.0,10,143,1
M0089,57,Samarqand,erkak,2023460.0,8,239,0
M0090,61,Toshkent,ayol,6829831.0,14,115,1
M0091,40,Namangan,erkak,3232365.0,10,299,0
M0092,59,Toshkent,ayol,2973862.0,4,309,0
M0093,61,Andijon,erkak,5524860.0,8,194,1
M0094,38,Toshkent,erkak,5091166.0,4,138,1
M0095,64,Namangan,ayol,4471689.0,2,16,1
M0096,32,Andijon,ayol,6255857.0,8,300,1
M0097,30,Andijon,erkak,2284085.0,3,326,0
M0098,53,Namangan,ayol,4657501.0,8,162,0
M0099,51,Namangan,ayol,4277227.0,4,188,1
M0100,25,Buxoro,erkak,4466143.0,3,275,0
M0101,61,Namangan,ayol,6131956.0,11,254,1
M0102,28,Toshkent,erkak,2825793.0,3,50,0
M0103,59,Samarqand,ayol,6873709.0,8,245,0
M0104,18,Samarqand,ayol,4453404.0,8,337,0
M0105,59,Namangan,ayol,2164497.0,7,274,0
M0106,58,Samarqand,ayol,2014535.0,8,175,0
M0107,58,Toshkent,erkak,5517825.0,11,191,1
M0108,52,Buxoro,erkak,4962259.0,6,95,1
M0109,42,Toshkent,erkak,4873844.0,5,241,1
M0110,54,Toshkent,ayol,5369632.0,9,88,1
M0111,32,Samarqand,ayol,5166008.0,3,125,0
M0112,58,Samarqand,erkak,7245769.0,8,97,1
M0113,46,Toshkent,ayol,25000000.0,4,123,0
M0114,41,Toshkent,ayol,2920451.0,2,134,0
M0115,44,,ayol,3152017.0,5,31,0
M0116,47,Toshkent,erkak,5730050.0,9,262,1
M0117,19,Toshkent,ayol,6610905.0,11,161,1
M0118,25,Buxoro,ayol,3773589.0,4,346,0
M0119,30,Toshkent,erkak,1200000.0,7,66,0
M0120,23,Andijon,erkak,1422813.0,6,244,0
M0121,40,Andijon,erkak,3500534.0,8,66,1
M0122,52,Samarqand,erkak,4356088.0,3,200,0
M0123,52,Toshkent,ayol,4624900.0,5,179,1
M0124,42,Samarqand,ayol,5129446.0,7,164,1
M0125,62,Namangan,ayol,5098857.0,4,239,1
M0126,47,Buxoro,erkak,7098811.0,12,302,1
M0127,22,Namangan,ayol,3243169.0,5,116,1
M0128,57,Samarqand,erkak,3957828.0,3,310,0
M0129,47,,ayol,,5,68,1
M0130,51,Toshkent,erkak,2565844.0,5,107,0
M0131,47,Buxoro,erkak,5911445.0,4,114,1
M0132,46,Toshkent,ayol,,11,348,1
M0133,22,Buxoro,erkak,4194604.0,7,44,0
M0134,47,Namangan,ayol,8068897.0,9,144,1
M0135,59,Toshkent,ayol,4450027.0,3,155,1
M0136,33,Buxoro,ayol,8498537.0,10,292,1
M0137,49,Toshkent,ayol,4864223.0,5,177,0
M0138,19,Buxoro,erkak,2071370.0,9,352,0
M0139,36,Toshkent,ayol,5005855.0,5,270,1
M0140,40,Andijon,erkak,3062759.0,5,257,0
M0141,69,Toshkent,ayol,4516839.0,6,275,0
M0142,29,Andijon,erkak,5384660.0,5,59,1
M0143,32,Namangan,erkak,5760048.0,9,164,1
M0144,39,Samarqand,ayol,3850098.0,8,214,0
M0145,69,Namangan,erkak,,5,76,1
M0146,62,Namangan,ayol,7743514.0,10,44,1
M0147,19,Andijon,ayol,6955343.0,7,50,1
M0148,30,Toshkent,ayol,5652944.0,7,288,0
M0149,60,Samarqand,ayol,8054172.0,14,240,1
M0150,21,Toshkent,ayol,1200000.0,6,103,0
M0151,62,Buxoro,erkak,5087768.0,9,269,1
M0152,32,Toshkent,erkak,3199391.0,6,254,0
M0153,65,Samarqand,erkak,5964607.0,8,298,1
M0154,33,Samarqand,ayol,3761391.0,6,332,0
M0155,40,Samarqand,erkak,4700916.0,2,322,0
M0156,52,Samarqand,erkak,8747915.0,12,66,1
M0157,24,Namangan,erkak,4214504.0,5,281,0
M0158,46,Namangan,erkak,5924826.0,8,144,0
M0159,44,Samarqand,erkak,4701915.0,2,147,0
M0160,58,Samarqand,erkak,5676284.0,9,236,1
M0161,69,Andijon,erkak,5880830.0,10,220,0
M0162,52,Toshkent,erkak,6166983.0,5,153,1
M0163,39,Toshkent,erkak,7067554.0,9,364,1
M0164,39,Toshkent,erkak,7935309.0,4,64,1
M0165,39,Buxoro,ayol,5527316.0,11,36,1
M0166,60,Samarqand,erkak,6661184.0,9,11,1
M0167,34,Namangan,erkak,2748444.0,6,297,0
M0168,26,Buxoro,erkak,4421822.0,6,149,1
M0169,35,Toshkent,ayol,6542521.0,5,160,1
M0170,19,Namangan,ayol,5928744.0,6,237,1
M0171,23,Namangan,ayol,4870898.0,5,159,0
M0172,22,Toshkent,erkak,6055509.0,8,209,1
M0173,58,Toshkent,erkak,6423380.0,13,22,1
M0174,55,Toshkent,erkak,7610551.0,9,57,1
M0175,54,Toshkent,ayol,5940846.0,6,340,0
M0176,42,Toshkent,ayol,4419743.0,5,165,0
M0177,55,Andijon,ayol,6054514.0,16,61,1
M0178,26,Samarqand,ayol,1200000.0,4,135,0
M0179,64,Toshkent,ayol,6409194.0,13,122,1
M0180,44,Buxoro,ayol,1200000.0,6,100,0
M0181,66,Samarqand,ayol,2677766.0,10,107,1
M0182,25,Andijon,erkak,5363183.0,5,266,0
M0183,43,Namangan,erkak,5949553.0,9,39,1
M0184,54,Samarqand,ayol,3327628.0,8,113,0
M0185,43,,erkak,3808216.0,6,171,1
M0186,41,Andijon,erkak,7496974.0,10,197,1
M0187,26,Buxoro,ayol,3708746.0,4,321,0
M0188,37,Andijon,erkak,8947257.0,9,337,1
M0189,30,Toshkent,ayol,4696544.0,8,109,1
M0190,33,Namangan,ayol,5524465.0,7,197,1
M0191,53,Buxoro,erkak,8300374.0,9,9,1
M0192,50,Toshkent,ayol,5535849.0,11,225,1
M0193,49,Samarqand,ayol,3465781.0,3,56,0
M0194,36,Buxoro,ayol,4682491.0,6,27,1
M0195,67,Toshkent,erkak,5745901.0,7,245,1
M0196,22,Samarqand,ayol,2003465.0,9,65,0
M0197,35,Namangan,ayol,4389502.0,3,174,0
M0198,24,Toshkent,ayol,3184054.0,7,37,1
M0199,35,Samarqand,erkak,6513844.0,7,272,1
M0200,68,Samarqand,erkak,5902301.0,10,279,1
M0201,37,Toshkent,ayol,4400968.0,9,210,0
M0202,65,Andijon,erkak,5558873.0,14,305,1
M0203,43,Namangan,erkak,5491620.0,5,159,1
M0204,54,Toshkent,erkak,6530266.0,10,68,1
M0205,41,Andijon,erkak,3230518.0,14,56,1
M0206,31,Namangan,erkak,2855142.0,5,80,0
M0207,57,Toshkent,erkak,7498423.0,9,73,1
M0208,68,Namangan,ayol,5097794.0,9,118,1
M0209,31,Toshkent,erkak,2179684.0,7,79,0
M0210,58,Andijon,erkak,6338863.0,12,216,1
M0211,31,Buxoro,erkak,5564066.0,13,55,1
M0212,55,Buxoro,ayol,2694713.0,6,227,0
M0213,59,Toshkent,erkak,5983067.0,7,122,1
M0214,41,Namangan,ayol,6354050.0,9,250,0
M0215,56,Toshkent,ayol,6153896.0,5,187,1
M0216,32,Toshkent,ayol,5897567.0,8,330,1
M0217,22,Toshkent,ayol,1932316.0,6,161,0
M0218,23,Namangan,erkak,5085872.0,5,108,1
M0219,41,Toshkent,ayol,4485284.0,9,215,1
M0220,64,,erkak,4850978.0,4,240,0
M0221,24,Buxoro,ayol,6087000.0,11,160,1
M0222,41,Toshkent,ayol,7692694.0,9,204,1
M0223,54,Toshkent,ayol,8649866.0,8,172,1
M0224,28,Toshkent,ayol,7006654.0,13,112,1
M0225,55,Buxoro,erkak,5252478.0,6,115,0
M0226,33,Namangan,ayol,5424896.0,4,331,0
M0227,60,Toshkent,ayol,6980281.0,6,246,0
M0228,48,Namangan,ayol,5458120.0,4,35,1
M0229,46,Toshkent,erkak,5415376.0,8,351,0
M0230,27,Namangan,ayol,6092756.0,12,260,1
M0231,42,Andijon,erkak,4953291.0,5,19,1
M0232,62,Namangan,erkak,4347284.0,3,265,0
M0233,19,,erkak,3623948.0,10,215,1
M0234,57,Namangan,ayol,6651039.0,8,334,0
M0235,43,Toshkent,erkak,5095388.0,4,179,1
M0236,55,Toshkent,erkak,6062378.0,6,189,0
M0237,52,Toshkent,erkak,6566143.0,7,115,1
M0238,40,Samarqand,ayol,4325285.0,0,118,0
M0239,34,Buxoro,erkak,6181247.0,7,225,1
M0240,50,Buxoro,ayol,5981917.0,6,302,0
M0241,25,Namangan,ayol,2327336.0,6,325,0
M0242,48,Toshkent,ayol,7836149.0,11,281,1
M0243,22,Buxoro,ayol,3558659.0,6,222,0
M0244,51,Toshkent,erkak,2350828.0,6,183,0
M0245,50,Toshkent,erkak,3418921.0,3,124,0
M0246,22,Buxoro,erkak,2622119.0,6,280,0
M0247,57,Andijon,ayol,5603912.0,10,116,1
M0248,39,Buxoro,ayol,4477069.0,3,98,0
M0249,58,Toshkent,ayol,4933702.0,8,316,0
M0250,20,Buxoro,erkak,5515464.0,9,215,1
M0251,27,Toshkent,erkak,5221776.0,7,129,0
M0252,43,Namangan,erkak,,9,315,0
M0253,27,Buxoro,erkak,5347691.0,9,351,1
M0254,35,Toshkent,erkak,5959042.0,6,116,1
M0255,52,Toshkent,ayol,1565684.0,8,190,0
M0256,25,Toshkent,erkak,3894011.0,6,177,0
M0257,53,Andijon,ayol,,5,256,0
M0258,23,Samarqand,erkak,4554908.0,8,347,0
M0259,27,Namangan,erkak,25000000.0,6,200,0
M0260,48,Buxoro,ayol,7121958.0,9,291,1
M0261,59,Samarqand,ayol,7707742.0,8,217,1
M0262,26,Toshkent,erkak,4944995.0,11,323,1
M0263,33,Andijon,erkak,3889350.0,7,148,0
M0264,66,Toshkent,erkak,6653290.0,9,141,1
M0265,69,Samarqand,ayol,4919748.0,5,154,1
M0266,48,,erkak,5237493.0,10,363,1
M0267,41,Buxoro,ayol,6805045.0,15,223,1
M0268,36,Andijon,erkak,3876012.0,2,56,0
M0269,49,Toshkent,ayol,6720222.0,11,15,1
M0270,48,Samarqand,erkak,6459322.0,10,189,1
M0271,33,Samarqand,ayol,3071375.0,5,294,0
M0272,19,Samarqand,ayol,6123009.0,7,175,1
M0273,25,Toshkent,erkak,5807419.0,9,204,1
M0274,67,Toshkent,erkak,5993467.0,7,291,1
M0275,39,Toshkent,ayol,3597818.0,5,188,0
M0276,43,Toshkent,erkak,3543429.0,6,331,0
M0277,42,Samarqand,erkak,4092207.0,4,233,0
M0278,58,Buxoro,erkak,,6,267,1
M0279,21,Buxoro,erkak,2709875.0,7,285,0
M0280,22,Samarqand,erkak,5247522.0,7,229,0
M0281,32,Samarqand,erkak,2524840.0,2,19,0
M0282,43,Toshkent,erkak,4722677.0,5,156,0
M0283,52,Samarqand,erkak,5557366.0,7,52,1
M0284,43,Toshkent,erkak,9491234.0,6,186,1
M0285,40,,erkak,2520832.0,4,53,0
M0286,66,Samarqand,ayol,8429626.0,10,186,1
M0287,26,Samarqand,erkak,4849716.0,2,126,0
M0288,47,Toshkent,erkak,5950109.0,10,8,1
M0289,46,Samarqand,erkak,5393026.0,6,46,1
M0290,42,Samarqand,ayol,5860508.0,9,184,1
M0291,59,Buxoro,erkak,5293367.0,3,29,1
M0292,31,Buxoro,erkak,7347290.0,11,312,1
M0293,67,Buxoro,erkak,4988352.0,9,277,0
M0294,35,Toshkent,erkak,6888022.0,7,259,1
M0295,46,Namangan,erkak,4020139.0,3,63,0
M0296,45,Samarqand,erkak,5041547.0,5,290,1
M0297,62,Samarqand,ayol,,9,232,0
M0298,40,Buxoro,ayol,5819043.0,6,143,1
M0299,32,Toshkent,erkak,7361227.0,8,1,1
M0300,19,Samarqand,ayol,4230759.0,9,193,1
M0301,36,Buxoro,ayol,4525606.0,6,290,0
M0302,60,Namangan,erkak,3593689.0,2,13,0
M0303,18,Andijon,erkak,3927273.0,7,20,0
M0304,64,Samarqand,erkak,2852970.0,2,140,0
M0305,46,Samarqand,ayol,3536820.0,10,187,0
M0306,25,Namangan,erkak,4958215.0,2,173,0
M0307,33,Toshkent,ayol,7164224.0,10,156,1
M0308,46,Namangan,erkak,10236580.0,10,93,1
M0309,34,Samarqand,ayol,3764147.0,2,22,0
M0310,23,Toshkent,ayol,7073540.0,10,12,1
M0311,52,Toshkent,erkak,5798754.0,9,36,1
M0312,52,Namangan,erkak,5087754.0,4,252,0
M0313,24,Toshkent,ayol,5298670.0,2,287,0
M0314,32,Toshkent,erkak,4871450.0,11,159,0
M0315,30,Toshkent,erkak,4898712.0,4,29,1
M0316,52,Toshkent,ayol,4625000.0,6,152,0
M0317,55,Toshkent,erkak,2933403.0,8,359,0
M0318,55,Buxoro,erkak,2671475.0,3,91,0
M0319,66,Toshkent,erkak,6955841.0,7,179,1
M0320,57,Namangan,erkak,5011940.0,7,196,0
M0321,34,,ayol,3747040.0,8,121,1
M0322,23,Toshkent,ayol,4505310.0,2,160,0
M0323,49,Toshkent,erkak,6700878.0,6,172,1
M0324,65,Buxoro,erkak,6074655.0,12,173,1
M0325,68,Toshkent,ayol,4659101.0,5,262,1
M0326,29,Toshkent,erkak,6877327.0,6,212,1
M0327,30,Andijon,erkak,7542534.0,11,20,1
M0328,19,Andijon,erkak,5260202.0,12,3,1
M0329,25,Namangan,erkak,6302594.0,9,150,1
M0330,46,Toshkent,ayol,7415528.0,12,331,1
M0331,46,Buxoro,erkak,7214179.0,3,14,1
M0332,37,Buxoro,erkak,6015379.0,17,26,1
M0333,34,Toshkent,ayol,5897025.0,10,248,1
M0334,61,Buxoro,erkak,6565389.0,7,165,1
M0335,41,Toshkent,ayol,3054792.0,2,84,0
M0336,60,Toshkent,erkak,6861302.0,10,76,1
M0337,68,Samarqand,erkak,3399535.0,6,243,0
M0338,34,Toshkent,erkak,3389721.0,11,191,1
M0339,28,Toshkent,ayol,6986417.0,13,233,1
M0340,67,Namangan,ayol,7322396.0,10,103,1
M0341,51,Andijon,erkak,8007317.0,14,192,1
M0342,33,Samarqand,erkak,4300986.0,5,314,0
M0343,50,Namangan,erkak,,5,116,0
M0344,44,Andijon,ayol,4687213.0,2,145,0
M0345,65,Toshkent,erkak,5933656.0,7,60,1
M0346,31,Samarqand,ayol,4872180.0,9,233,0
M0347,69,Toshkent,ayol,7910625.0,11,12,1
M0348,66,Toshkent,ayol,5129713.0,6,91,0
M0349,27,Namangan,erkak,5243662.0,5,260,0
M0350,26,Samarqand,erkak,2800471.0,4,8,0
M0351,45,Samarqand,erkak,5960571.0,8,361,1
M0352,20,Toshkent,ayol,4405595.0,4,148,0
M0353,33,Toshkent,ayol,3440336.0,7,146,1
M0354,40,Andijon,ayol,4575507.0,8,196,1
M0355,68,Toshkent,erkak,5508484.0,7,233,0
M0356,69,Toshkent,erkak,5383721.0,4,168,0
M0357,25,Toshkent,ayol,7738414.0,8,322,1
M0358,64,Samarqand,ayol,5542797.0,7,351,1
M0359,22,Samarqand,ayol,4020987.0,3,73,0
M0360,56,Samarqand,ayol,,4,258,0
M0361,61,Toshkent,erkak,4020427.0,16,110,1
M0362,64,Toshkent,erkak,5246468.0,12,363,1
M0363,29,Namangan,erkak,3435465.0,7,93,0
M0364,64,Buxoro,ayol,8207074.0,8,108,1
M0365,24,Buxoro,ayol,4223112.0,6,260,0
M0366,44,Buxoro,erkak,7439200.0,8,288,1
M0367,42,Namangan,ayol,5171068.0,8,47,1
M0368,34,Toshkent,ayol,4887010.0,7,203,0
M0369,19,Toshkent,ayol,4210166.0,9,126,1
M0370,58,Samarqand,ayol,5546833.0,5,223,1
M0371,35,Toshkent,erkak,7943831.0,9,203,1
M0372,52,Namangan,erkak,1200000.0,3,359,0
M0373,39,Samarqand,ayol,1367218.0,7,340,0
M0374,37,Namangan,ayol,3932293.0,4,239,0
M0375,64,Namangan,erkak,,10,248,1
M0376,22,Samarqand,erkak,25000000.0,11,328,1
M0377,56,Andijon,ayol,6331557.0,8,67,1
M0378,56,Samarqand,ayol,4788357.0,9,265,1
M0379,37,Namangan,erkak,6744279.0,9,282,1
M0380,31,Toshkent,ayol,6584352.0,6,47,1
M0381,18,Samarqand,erkak,4671304.0,8,321,0
M0382,66,Samarqand,erkak,7512784.0,7,255,1
M0383,67,Toshkent,ayol,6300761.0,3,127,1
M0384,30,Toshkent,erkak,3689331.0,6,177,0
M0385,19,Andijon,ayol,5626070.0,9,179,1
M0386,24,Buxoro,erkak,4719104.0,7,335,0
M0387,21,Toshkent,ayol,,6,353,0
M0388,61,Toshkent,erkak,8281316.0,13,294,1
M0389,64,Toshkent,ayol,1308430.0,7,238,0
M0390,25,Toshkent,erkak,1998168.0,8,38,0
M0391,56,Andijon,ayol,3343273.0,5,333,0
M0392,27,Samarqand,erkak,3956131.0,3,49,0
M0393,37,Toshkent,erkak,4451705.0,5,61,1
M0394,49,Samarqand,erkak,2556814.0,8,26,0
M0395,55,Toshkent,ayol,,5,345,0
M0396,63,Toshkent,erkak,4140485.0,4,180,0
M0397,20,Buxoro,ayol,8823363.0,7,86,1
M0398,28,Buxoro,ayol,7883136.0,5,30,1
M0399,32,Andijon,ayol,4018851.0,5,150,0
M0400,34,Buxoro,ayol,4165550.0,7,264,0
